{
	"info": {
		"_postman_id": "96c7554a-8603-4d7e-93ac-2ad05e640c34",
		"name": "Careers",
		"schema": "https://schema.getpostman.com/json/collection/v2.1.0/collection.json",
		"_exporter_id": "14439275"
	},
	"item": [
		{
			"name": "findAll",
			"request": {
				"method": "GET",
				"header": [],
				"url": {
					"raw": "{{HOST}}/careers",
					"host": [
						"{{HOST}}"
					],
					"path": [
						"careers"
					]
				}
			},
			"response": []
		},
		{
			"name": "findOne",
			"request": {
				"method": "GET",
				"header": [],
				"url": {
					"raw": "{{HOST}}/careers/1",
					"host": [
						"{{HOST}}"
					],
					"path": [
						"careers",
						"1"
					]
				}
			},
			"response": []
		},
		{
			"name": "create",
			"request": {
				"method": "POST",
				"header": [],
				"body": {
					"mode": "raw",
					"raw": "{\r\n \"institutionId\": 1,\r\n  \"modalityId\": 1,\r\n   \"stateId\": 1,\r\n    \"typeId\": 1,\r\n \"acronym\": \"ISY\",\r\n \"code\": \"a32d\",\r\n \"codeSniese\": \"2dlel2\",\r\n \"logo\": \"\",\r\n \"name\": \"Desarrollo de software\",\r\n \"resolutionNumber\": 123,\r\n \"shortName\": \"software\",\r\n \"title\": \"Yavirac\"\r\n\r\n}",
					"options": {
						"raw": {
							"language": "json"
						}
					}
				},
				"url": {
					"raw": "{{HOST}}/careers",
					"host": [
						"{{HOST}}"
					],
					"path": [
						"careers"
					]
				}
			},
			"response": []
		},
		{
			"name": "update",
			"request": {
				"method": "PUT",
				"header": [],
				"body": {
					"mode": "raw",
					"raw": "{\r\n    \"name\": \"Juan\",\r\n    \"lastname\": \"Perez\",\r\n    \"birthdate\": \"1990-12-04\",\r\n    \"married\": false,\r\n    \"age\": 30\r\n}",
					"options": {
						"raw": {
							"language": "json"
						}
					}
				},
				"url": {
					"raw": "{{HOST}}/careers/1",
					"host": [
						"{{HOST}}"
					],
					"path": [
						"careers",
						"1"
					]
				}
			},
			"response": []
		},
		{
			"name": "delete",
			"request": {
				"method": "DELETE",
				"header": [],
				"body": {
					"mode": "raw",
					"raw": "{\r\n    \"name\": \"Juan\",\r\n    \"lastname\": \"Perez\",\r\n    \"birthdate\": \"1990-12-04\",\r\n    \"married\": false,\r\n    \"age\": 30\r\n}",
					"options": {
						"raw": {
							"language": "json"
						}
					}
				},
				"url": {
					"raw": "{{HOST}}/careers/1",
					"host": [
						"{{HOST}}"
					],
					"path": [
						"careers",
						"1"
					]
				}
			},
			"response": []
		}
	]
}